<?xml version="1.0" ?>
<LOG_ROOT>
	<PROJECT NAME="TrafficLightController_qsim">
		<CBX_INST_ENTRY INSTANCE_NAME="|TrafficLightController|dec_7seg:BCDMainUnit|lpm_mux:Mux2" CBX_FILE_NAME="mux_src.tdf"/>
		<CBX_INST_ENTRY INSTANCE_NAME="|TrafficLightController|dec_7seg:BCDSideUnit|lpm_mux:Mux2" CBX_FILE_NAME="mux_src.tdf"/>
		<CBX_INST_ENTRY INSTANCE_NAME="|TrafficLightController|tens_dec_7seg:BCDMainTen|lpm_mux:Mux2" CBX_FILE_NAME="mux_cqc.tdf"/>
		<CBX_INST_ENTRY INSTANCE_NAME="|TrafficLightController|tens_dec_7seg:BCDSideTen|lpm_mux:Mux2" CBX_FILE_NAME="mux_cqc.tdf"/>
		<CBX_INST_ENTRY INSTANCE_NAME="|TrafficLightController|dec_7seg:BCDMainUnit|lpm_mux:Mux3" CBX_FILE_NAME="mux_src.tdf"/>
		<CBX_INST_ENTRY INSTANCE_NAME="|TrafficLightController|dec_7seg:BCDSideUnit|lpm_mux:Mux3" CBX_FILE_NAME="mux_src.tdf"/>
		<CBX_INST_ENTRY INSTANCE_NAME="|TrafficLightController|tens_dec_7seg:BCDMainTen|lpm_mux:Mux3" CBX_FILE_NAME="mux_cqc.tdf"/>
		<CBX_INST_ENTRY INSTANCE_NAME="|TrafficLightController|tens_dec_7seg:BCDSideTen|lpm_mux:Mux3" CBX_FILE_NAME="mux_cqc.tdf"/>
		<CBX_INST_ENTRY INSTANCE_NAME="|TrafficLightController|dec_7seg:BCDMainUnit|lpm_mux:Mux0" CBX_FILE_NAME="mux_src.tdf"/>
		<CBX_INST_ENTRY INSTANCE_NAME="|TrafficLightController|dec_7seg:BCDMainUnit|lpm_mux:Mux4" CBX_FILE_NAME="mux_src.tdf"/>
		<CBX_INST_ENTRY INSTANCE_NAME="|TrafficLightController|dec_7seg:BCDSideUnit|lpm_mux:Mux0" CBX_FILE_NAME="mux_src.tdf"/>
		<CBX_INST_ENTRY INSTANCE_NAME="|TrafficLightController|dec_7seg:BCDSideUnit|lpm_mux:Mux4" CBX_FILE_NAME="mux_src.tdf"/>
		<CBX_INST_ENTRY INSTANCE_NAME="|TrafficLightController|tens_dec_7seg:BCDMainTen|lpm_mux:Mux0" CBX_FILE_NAME="mux_cqc.tdf"/>
		<CBX_INST_ENTRY INSTANCE_NAME="|TrafficLightController|tens_dec_7seg:BCDSideTen|lpm_mux:Mux0" CBX_FILE_NAME="mux_cqc.tdf"/>
		<CBX_INST_ENTRY INSTANCE_NAME="|TrafficLightController|dec_7seg:BCDMainUnit|lpm_mux:Mux1" CBX_FILE_NAME="mux_src.tdf"/>
		<CBX_INST_ENTRY INSTANCE_NAME="|TrafficLightController|dec_7seg:BCDMainUnit|lpm_mux:Mux5" CBX_FILE_NAME="mux_src.tdf"/>
		<CBX_INST_ENTRY INSTANCE_NAME="|TrafficLightController|dec_7seg:BCDSideUnit|lpm_mux:Mux1" CBX_FILE_NAME="mux_src.tdf"/>
		<CBX_INST_ENTRY INSTANCE_NAME="|TrafficLightController|dec_7seg:BCDSideUnit|lpm_mux:Mux5" CBX_FILE_NAME="mux_src.tdf"/>
		<CBX_INST_ENTRY INSTANCE_NAME="|TrafficLightController|tens_dec_7seg:BCDMainTen|lpm_mux:Mux1" CBX_FILE_NAME="mux_cqc.tdf"/>
		<CBX_INST_ENTRY INSTANCE_NAME="|TrafficLightController|tens_dec_7seg:BCDSideTen|lpm_mux:Mux1" CBX_FILE_NAME="mux_cqc.tdf"/>
		<CBX_INST_ENTRY INSTANCE_NAME="|TrafficLightController|dec_7seg:BCDMainUnit|lpm_mux:Mux6" CBX_FILE_NAME="mux_src.tdf"/>
		<CBX_INST_ENTRY INSTANCE_NAME="|TrafficLightController|dec_7seg:BCDSideUnit|lpm_mux:Mux6" CBX_FILE_NAME="mux_src.tdf"/>
	</PROJECT>
</LOG_ROOT>
